question_id,human_winner,confidence,notes
0,B,low,Placeholder label. Replace with real human judgment.
1,B,low,Placeholder label. Replace with real human judgment.
2,B,low,Placeholder label. Replace with real human judgment.
3,B,low,Placeholder label. Replace with real human judgment.
4,B,low,Placeholder label. Replace with real human judgment.
5,B,low,Placeholder label. Replace with real human judgment.
6,B,low,Placeholder label. Replace with real human judgment.
7,B,low,Placeholder label. Replace with real human judgment.
8,B,low,Placeholder label. Replace with real human judgment.
9,B,low,Placeholder label. Replace with real human judgment.
